City/Municipality,County,Region
Agoura Hills,Los Angeles,Southern California
Alhambra,Los Angeles,Southern California
Arcadia,Los Angeles,Southern California
Artesia,Los Angeles,Southern California
Avalon,Los Angeles,Southern California
Azusa,Los Angeles,Southern California
Baldwin Park,Los Angeles,Southern California
Bell,Los Angeles,Southern California
Bell Gardens,Los Angeles,Southern California
Bellflower,Los Angeles,Southern California
Beverly Hills,Los Angeles,Southern California
Bradbury,Los Angeles,Southern California
Burbank,Los Angeles,Southern California
Calabasas,Los Angeles,Southern California
Carson,Los Angeles,Southern California
Cerritos,Los Angeles,Southern California
Claremont,Los Angeles,Southern California
Commerce,Los Angeles,Southern California
Compton,Los Angeles,Southern California
Covina,Los Angeles,Southern California
Cudahy,Los Angeles,Southern California
Culver City,Los Angeles,Southern California
Diamond Bar,Los Angeles,Southern California
Downey,Los Angeles,Southern California
Duarte,Los Angeles,Southern California
El Monte,Los Angeles,Southern California
El Segundo,Los Angeles,Southern California
Gardena,Los Angeles,Southern California
Glendale,Los Angeles,Southern California
Glendora,Los Angeles,Southern California
Hawaiian Gardens,Los Angeles,Southern California
Hawthorne,Los Angeles,Southern California
Hermosa Beach,Los Angeles,Southern California
Hidden Hills,Los Angeles,Southern California
Huntington Park,Los Angeles,Southern California
Industry,Los Angeles,Southern California
Inglewood,Los Angeles,Southern California
Irwindale,Los Angeles,Southern California
La Canada Flintridge,Los Angeles,Southern California
La Habra Heights,Los Angeles,Southern California
La Mirada,Los Angeles,Southern California
Lancaster,Los Angeles,Southern California
La Puente,Los Angeles,Southern California
La Verne,Los Angeles,Southern California
Lakewood,Los Angeles,Southern California
Lawndale,Los Angeles,Southern California
Lomita,Los Angeles,Southern California
Long Beach,Los Angeles,Southern California
Los Angeles,Los Angeles,Southern California
Lynwood,Los Angeles,Southern California
Malibu,Los Angeles,Southern California
Manhattan Beach,Los Angeles,Southern California
Maywood,Los Angeles,Southern California
Monrovia,Los Angeles,Southern California
Montebello,Los Angeles,Southern California
Monterey Park,Los Angeles,Southern California
Norwalk,Los Angeles,Southern California
Palmdale,Los Angeles,Southern California
Palos Verdes Estates,Los Angeles,Southern California
Paramount,Los Angeles,Southern California
Pasadena,Los Angeles,Southern California
Pico Rivera,Los Angeles,Southern California
Pomona,Los Angeles,Southern California
Rancho Palos Verdes,Los Angeles,Southern California
Redondo Beach,Los Angeles,Southern California
Rolling Hills,Los Angeles,Southern California
Rolling Hills Estates,Los Angeles,Southern California
Rosemead,Los Angeles,Southern California
San Dimas,Los Angeles,Southern California
San Fernando,Los Angeles,Southern California
San Gabriel,Los Angeles,Southern California
San Marino,Los Angeles,Southern California
Santa Clarita,Los Angeles,Southern California
Santa Fe Springs,Los Angeles,Southern California
Santa Monica,Los Angeles,Southern California
Sierra Madre,Los Angeles,Southern California
Signal Hill,Los Angeles,Southern California
South El Monte,Los Angeles,Southern California
South Gate,Los Angeles,Southern California
South Pasadena,Los Angeles,Southern California
Temple City,Los Angeles,Southern California
Torrance,Los Angeles,Southern California
Vernon,Los Angeles,Southern California
Walnut,Los Angeles,Southern California
West Covina,Los Angeles,Southern California
West Hollywood,Los Angeles,Southern California
Westlake Village,Los Angeles,Southern California
Whittier,Los Angeles,Southern California
Camarillo,Ventura,Southern California
Fillmore,Ventura,Southern California
Moorpark,Ventura,Southern California
Ojai,Ventura,Southern California
Oxnard,Ventura,Southern California
Port Hueneme,Ventura,Southern California
Santa Paula,Ventura,Southern California
Simi Valley,Ventura,Southern California
Thousand Oaks,Ventura,Southern California
Ventura,Ventura,Southern California
Cotati,Sonoma,Northern California
Healdsburg,Sonoma,Northern California
Petaluma,Sonoma,Northern California
Rohnert Park,Sonoma,Northern California
Santa Rosa,Sonoma,Northern California
Sebastopol,Sonoma,Northern California
Sonoma,Sonoma,Northern California
Windsor,Sonoma,Northern California
Clearlake,Lake,Northern California
Lakeport,Lake,Northern California
Fort Bragg inland,Mendocino,Northern California
Point Arena,Mendocino,Northern California
Ukiah,Mendocino,Northern California
Willits,Mendocino,Northern California